296432;Hongik University
296230;IE Business School
296655;IT University of Copenhagen
294856;Middlesex University
293945;Oslo National Academy of the Arts
293931;Royal Academy of Art, The Hague (KABK)
297537;Sheffield Hallam University
296862;Universidad de Monterrey (UDEM)
308886;Universität der Künste Berlin
293929;Accademia Belle Arti Roma
293950;Estonian Academy of Arts
296359;Falmouth College of Arts University College Falmouth
297615;Hochschule für Gestaltung und Kunst Zürich
296739;Kookmin University
296428;Korea National University of Arts
294068;Musashino University
296562;National College of Art and Design
294069;National Institute of Design, India
293867;Taylor's University
294636;Universidad Anahuac
295210;Universidad Autónoma del Estado de México (UAEMex)
293445;Universidad de las Américas Puebla (UDLAP)
297344;University for the Creative Arts
296990;Banaras Hindu University
296774;The University of Tokushima
297058;University of Hyderabad
294451;ESADE Ramon Llull University
294245;IMD
294449;ESCP Europe - Paris
294823;Indian Institue of Management (IIM) - Calcutta
297642;American University of Sharjah
295633;Indian School of Business
295144;Lahore University of Management Sciences (LUMS)
297457;University of Akron
294841;University of Mumbai
296649;Abo Akademi University
294975;China University of Petroleum
293216;École Nationale Supérieure des Industries Chimiques (ENSIC), Nancy
297328;Osaka Prefecture University
297154;Yeungnam University
293248;ENSCM, Chimie Montpellier
297316;Jadavpur University
297002;Soochow University
297447;Université de Rennes 1
294997;Donghua University
295990;Mendeleyev University of Chemical Technology of Russia
294575;University of Calcutta
295215;Kent State University
294139;Taras Shevchenko National University of Kyiv
297411;University of Karachi
297488;Savitribai Phule Pune University
297596;Rhodes University
296404;Universidad Rey Juan Carlos
297318;Indian Statistical Institute
294978;Xidian University
294172;ITMO University
297102;University of Luxembourg
297040;Victoria University
293381;Pontifícia Universidade Católica do Rio Grande do Sul (PUCRS)
297562;Stevens Institute of Technology
297639;USI Università della Svizzera italiana
295059;Northeastern University (China)
297478;Sabanci University
294953;Universiti Tunku Abdul Rahman (UTAR)
297535;Worcester Polytechnic Institute
309590;Academic Centre for Dentistry Amsterdam (ACTA), Amsterdam the Netherlands
297558;Clark University
294025;London Metropolitan University
294208;University of Ghana
297557;Plymouth University
294390;New Economic School
297243;Universidad Torcuato Di Tella
294992;Central University of Finance and Economics
296833;Universidad de San Andrés - UdeSA
295659;The Bucharest University of Economic Studies
296857;Universidad del Rosario
294988;University of International Business and Economics
294302;Financial University under the Government of the Russian Federation
294993;North China Electric Power University
294904;King Mongkut's Institute of Technology Ladkrabang
295006;Harbin Engineering University
296061;National Research University Moscow Power Engineering Institute (MPEI)
295855;Novosibirsk State Technical University
295864;Saint-Petersburg Electrotechnical University LETI
296475;Ural Federal University
294990;Beijing Foreign Studies University
294772;Binghamton University SUNY
294655;Northern Arizona University
293359;Benemérita Universidad Autónoma de Puebla
293377;Pontifícia Universidade Católica de São Paulo
296016;Russian State University for the Humanities
294633;Aoyama Gakuin University
294894;International Christian University
294694;San Diego State University
293402;Universidad Autónoma de Querétaro (UAQ)
294945;Vietnam National University, Hanoi
294116;The National University of Science and Technology MISIS
294972;Northwestern Polytechnical University
294792;Université Paris 13 Nord
294331;Instituto Nacional de Matemática Pura e Aplicada (IMPA)
297348;University of Maribor
293851;Universiti Malaysia Pahang
295292;Arts et Métiers, ParisTech
295450;National Institute of Technology Tiruchirappalli
297043;University of Southern Queensland
296805;Amirkabir University of Technology
293330;Jordan University of Science & Technology
297051;United Arab Emirates University
294654;University of Oxford
294561;University of Cambridge
294270;Harvard University
294572;University of California, Berkeley (UCB)
297282;Stanford University
297177;Yale University
297490;Princeton University
294519;Columbia University
294569;University of California, Los Angeles (UCLA)
294616;The Australian National University
297246;The University of Tokyo
294786;New York University (NYU)
294256;The University of Hong Kong
294016;London School of Economics and Political Science (LSE)
296815;The University of Sydney
294850;Massachusetts Institute of Technology (MIT)
294861;The University of Melbourne
294014;UCL (University College London)
294536;University of Chicago
297242;University of Toronto
294798;National University of Singapore (NUS)
294478;The University of Edinburgh
294606;Peking University
294029;King's College London
294619;The University of Auckland
294111;Kyoto University
297549;Université Paris-Sorbonne (Paris IV)
297403;Seoul National University
294804;National Taiwan University (NTU)
294586;University of British Columbia
294277;The Chinese University of Hong Kong (CUHK)
294514;Cornell University
294857;University of Michigan
297569;University of Pennsylvania
294252;Humboldt-Universität zu Berlin
294788;The University of New South Wales (UNSW Sydney)
294382;Freie Universitaet Berlin
297197;The University of Warwick
295395;SOAS University of London
294848;Monash University
294584;Brown University
294490;Duke University
294864;McGill University
297235;Tsinghua University
294488;Durham University
297196;Waseda University
297257;University of Texas at Austin
294871;The University of Manchester
294071;Leiden University
294367;Fudan University
294821;Nanyang Technological University, Singapore (NTU)
297460;The University of Queensland
297816;University of Amsterdam
294527;City University of Hong Kong
297211;Victoria University of Wellington
294840;Ludwig-Maximilians-Universität München
294551;KU Leuven
294516;University of Copenhagen
294595;Alma Mater Studiorum - University of Bologna
294081;University of Leeds
297554;Université Paris 1 Panthéon-Sorbonne
297285;University of St Andrews
294593;Boston University
294355;Georgetown University
297129;Yonsei University
293982;Macquarie University
297128;University of York
294121;Korea University
294597;University of Birmingham
294842;Lomonosov Moscow State University
294265;Ruprecht-Karls-Universität Heidelberg
294322;University of Glasgow
297467;Sungkyunkwan University (SKKU)
297183;University of Wisconsin-Madison
294264;University of Helsinki
297286;University of Southern California
294587;University of Bristol
294032;Goldsmiths, University of London
294836;University of North Carolina, Chapel Hill
297278;Stockholm University
297570;Pennsylvania State University
294835;Universidad Nacional Autónoma de México  (UNAM)
294492;University College Dublin
297194;University of Washington
294156;Keio University
294877;Universiti Malaya (UM)
297205;University of Virginia
297022;Beijing Normal University
294184;Johns Hopkins University
297618;University of Otago
294432;ETH Zurich - Swiss Federal Institute of Technology
294235;Indiana University Bloomington
294648;Aarhus University
297232;Eberhard Karls Universität Tübingen
294767;Northwestern University
294567;University of California, San Diego (UCSD)
297126;University of Zurich
294549;Pontificia Universidad Católica de Chile (UC)
294022;Queen Mary University of London
294427;The University of Exeter
294880;Complutense University of Madrid
294550;Université catholique de Louvain (UCL)
297489;Sapienza University of Rome
297620;University of Oslo
294758;The University of Nottingham
294257;The Hong Kong Polytechnic University
294644;The University of Adelaide
297188;The University of Western Australia
297458;University of Reading
294090;Lancaster University
295060;University of Illinois at Urbana-Champaign
297471;The University of Sheffield
294761;University of Notre Dame
294555;Carnegie Mellon University
294482;Ecole normale supérieure, Paris
297422;Universidade de São Paulo
297209;University of Vienna
294030;Imperial College London
297378;Shanghai Jiao Tong University
294578;Universidad de Buenos Aires (UBA)
297499;RMIT University
293605;Université Sorbonne Nouvelle Paris 3
297273;University of Technology Sydney
294613;Universitat de Barcelona
294502;Delft University of Technology
294811;National Chengchi University
294806;National Taiwan Normal University
294255;The Hong Kong University of Science and Technology
294384;Universität Frankfurt am Main
297218;Uppsala University
293996;Lund University
294741;The Ohio State University
294843;Université de Montréal
294639;University of Alberta
297283;Saint Petersburg State University
294876;Universiti Kebangsaan Malaysia (UKM)
294866;University of Massachusetts Amherst
297511;Birkbeck, University of London
297628;Osaka University
294612;Universitat Autònoma de Barcelona
294557;Cardiff University
294800;National Tsing Hua University
297561;University of Pittsburgh
294874;Universiti Sains Malaysia (USM)
294778;University of Milan
297215;Utrecht University
294376;Albert-Ludwigs-Universitaet Freiburg
294362;University of Geneva
294293;University of Groningen
296751;HUFS - Hankuk (Korea) University of Foreign Studies
297461;Queen's University Belfast
294535;Universidad de Chile
297005;Renmin (People's) University of China
297573;Sciences Po
294565;University of California, Santa Barbara (UCSB)
297482;Rutgers University - New Brunswick
297486;Royal Holloway University of London
294852;University of Minnesota
297127;York University
294282;Universität Hamburg
294558;University of Cape Town
294311;University of Göttingen
297123;Zhejiang University
294508;City University of New York
293977;Universidad Autónoma de Madrid
294858;Michigan State University
294570;University of California, Irvine
294246;University of Illinois, Chicago (UIC)
294854;Università Cattolica del Sacro Cuore
296147;University of Sussex
294781;Newcastle University
297459;Queensland University of Technology (QUT)
296813;Hong Kong Baptist University
294826;Nanjing University
297293;Simon Fraser University
294491;Trinity College Dublin, The University of Dublin
294867;University of Maryland, College Park
294273;Hanyang University
294631;Arizona State University
294505;Dartmouth College
294045;University of Liverpool
297578;Università di Padova
294329;Ghent University
294358;George Washington University
294098;La Trobe University
297187;The University of Western Ontario
294559;University of Canterbury
297203;Vrije Universiteit Amsterdam
294651;Deakin University
297597;Oxford Brookes University
297290;Sogang University
294647;University of Aberdeen
297288;University of Southampton
294544;Central European University
294065;Universität  Leipzig
296380;University of the Arts London
294106;Kyung Hee University
294571;University of California, Davis
297198;University of Warsaw
294562;California Institute of Technology (Caltech)
294127;Universität Konstanz
294295;Griffith University
294267;The Hebrew University of Jerusalem
297066;Ca' Foscari University of Venice
297497;Universitat Pompeu Fabra
294130;University of Cologne
294601;University of Bern
294457;Erasmus University Rotterdam
297250;Tohoku University
294531;Chulalongkorn University
297437;Rice University
294501;University of Delhi
294103;Kyushu University
294814;National Cheng Kung University (NCKU)
294085;University of Lausanne
294839;Westfälische Wilhelms-Universität Münster
297462;Queen's University at Kingston
294574;University of Calgary
294784;The University of Newcastle, Australia (UON)
297105;Boston College
294853;Politecnico di Milano
294523;Universidad Nacional de Colombia
294560;Universidade Estadual de Campinas (Unicamp)
294875;Universiti Putra Malaysia (UPM)
294314;University of Gothenburg
294777;Radboud University
294152;University of Kent
296493;University of Lisbon
294649;RWTH Aachen University
294630;The University of Arizona
297201;University of Waikato
297181;University of Wollongong
297485;Purdue University
297244;Tongji University
297474;University of Salamanca
294518;Concordia University
294863;McMaster University
294412;University of Florence
294610;University of Basel
294259;Hitotsubashi University
294009;Loughborough University
294581;Universite libre de Bruxelles
294515;University College Cork
294807;National Sun Yat-sen University
294582;Vrije Universiteit Brussel (VUB)
297289;University of South Australia
294191;Jawaharlal Nehru University
297565;University of Pisa
294471;Emory University
294011;Universidad de los Andes
297503;Universidade Federal do Rio de Janeiro
297097;Universiti Teknologi MARA - UiTM
294520;University of Colorado Boulder
294539;Charles University
294349;Georgia Institute of Technology
297643;University of Oregon
294634;University of Antwerp
294434;University of Essex
294477;Ewha Womans University
294258;Hokkaido University
294609;University of Bath
296993;Lingnan University, Hong Kong
297193;Washington University in St. Louis
294832;Nagoya University
294810;National Chiao Tung University
294215;University of Iowa
297212;Vanderbilt University
294124;KAIST - Korea Advanced Institute of Science & Technology
296996;Wuhan University
294878;Johannes Gutenberg Universität Mainz
294564;University of California, Santa Cruz
294060;China Central Academy of Fine Arts
293912;Cranbrook Academy of Art
293790;Design School Kolding
293913;Maryland Institute College of Art
296435;Royal University College of Fine Arts
293944;The Royal Danish Academy of Fine Arts (KADK)
294249;Universidad Iberoamericana IBERO
294801;University of Applied Arts Vienna
297368;University of Brighton
296520;Utrecht School of the Arts
296652;Aarhus School of Architecture
294799;Academy of Fine Arts Vienna
297346;Bauhaus-Universität Weimar
308883;École Nationale Supérieure de Création Industrielle, ENSCI Les Ateliers
294074;Edinburgh College of Art (ECA)
293927;Emily Carr University of Art + Design
297182;University of Witwatersrand
294652;Aristotle University of Thessaloniki
294309;University of Granada
294394;University of Florida
296775;Sophia University
297463;Université du Québec
294637;American University
294793;University of Navarra
297277;Université de Strasbourg
294816;National Central University
294620;The American University in Cairo
294364;National University of Ireland Galway
294626;Ateneo de Manila University
297016;East China Normal University
294196;Jagiellonian University
294754;Universidade Nova de Lisboa
297229;University of Turin
294599;Universität Bielefeld
297610;University of Ottawa
296998;Sun Yat-sen University
297041;Western Sydney University
297566;University of the Philippines
297256;Texas A&M University
294075;University of Leicester
294307;Karl-Franzens-Universitaet Graz
294873;Universiti Teknologi Malaysia
297191;University of Waterloo
294494;Dublin City University
295115;National Research University Higher School of Economics (HSE University)
297266;Technische Universität Berlin (TU Berlin)
297217;University of Tartu
294476;Eindhoven University of Technology
294594;Rheinische Friedrich-Wilhelms-Universität Bonn
297260;Tel Aviv University
294506;Dalhousie University
297484;KTH Royal Institute of Technology
296979;Università degli studi Roma Tre
294528;University of Cincinnati
294603;University of Bergen
297280;University of Stirling
297234;University of Tsukuba
294645;Academy of Sciences of the Czech Republic
294169;University of Kansas
294507;Curtin University
297532;Université Paris Ouest Nanterre La Défense
297070;University of Porto
297210;University of Victoria
294865;Massey University
297475;Ruhr-Universität Bochum
297512;Università degli Studi di Pavia
293990;Université Lumière Lyon 2
294859;University of Miami
294743;University of Southern Denmark
294749;Novosibirsk State University
294548;Pontificia Universidad Católica del Perú
297493;University of Pretoria
294576;Cairo University
297245;Tomsk State University
297275;University of Surrey
294138;Kingston University, London
297271;National Taiwan University of Science and Technology (Taiwan Tech)
297240;Université de Toulouse II-Le Mirail
297064;Maynooth University
297248;Tokyo Institute of Technology
296463;Universidad Carlos III de Madrid (UC3M)
294415;Flinders University
296872;Pontificia Universidad Javeriana
297281;Stellenbosch University
297392;Universidad de Sevilla
294819;University of Naples - Federico II
297268;University of Tasmania
297009;Nankai University
297469;Universität Stuttgart
294568;University of California, Riverside
297494;University of Rochester
297222;Umea University
297224;University of East Anglia (UEA)
293985;Maastricht University
297591;Syracuse University
294583;Brunel University London
297367;Shanghai University
294083;Laval University
294517;University of Connecticut
297227;University of Turku
294158;Kazan (Volga region) Federal University
297071;Swinburne University of Technology
297434;Universidade de Santiago de Compostela
294802;University at Buffalo SUNY
297429;Universidad de Santiago de Chile (USACH)
297214;Universitat de Valencia
294646;Aberystwyth University
294837;North Carolina State University
294053;University of Limerick
297195;Washington State University
297138;Auckland University of Technology (AUT)
297487;University of Rome "Tor Vergata"
297502;Pontifícia Universidade Católica do Rio de Janeiro
294995;Shanghai International Studies University
297464;The Open University
297231;Tufts University
294496;Doshisha University
296994;Xiamen University
294034;City, University of London
297179;Julius-Maximilians-Universität Würzburg
294136;Kobe University
294268;University of Hawai'i at Mañoa
297186;University of Westminster
296405;Universidad de Alcalá
294808;National Chung Hsing University
297514;Murdoch University
294623;National and Kapodistrian University of Athens
294498;Universidad Diego Portales (UDP)
297583;Fordham University
294487;University Duesseldorf
294553;Universitat Politècnica de Catalunya
294791;Aix-Marseille University
296663;Aalborg University
297259;Temple University
296865;Universidade Federal de Minas Gerais
294402;Florida State University
294454;Friedrich-Alexander-Universität Erlangen-Nürnberg
296820;University of Canberra
294525;University of Coimbra
297592;University of Johannesburg
294556;Carleton University
294524;College of William & Mary
294337;The University of Georgia
294472;European University Institute
297096;Pontificia Universidad Católica de Valparaíso
297050;American University of Beirut (AUB)
294627;Aston University
295039;Babes-Bolyai University
297652;Bogaziçi Üniversitesi
294141;Christian-Albrechts-University zu Kiel
294504;De La Salle University
294483;École Normale Supérieure de Lyon
294013;Eötvös Lorànd University
297427;George Mason University
294242;Indian Institute of Technology Delhi (IITD)
297111;International Islamic University Malaysia (IIUM)
296684;King Saud University
294164;KIT, Karlsruhe Institute of Technology
294879;Mahidol University
294770;Northumbria University at Newcastle
294667;Ohio University
294868;Philipps-Universität Marburg
297483;Pusan National University
297500;Ritsumeikan University
297386;Shandong University
297004;Sichuan University
297274;Swansea University
297208;Vienna University of Technology
297267;Instituto Tecnológico y de Estudios Superiores de Monterrey
293412;Universidad Autónoma Metropolitana (UAM)
297124;Universidad de Zaragoza
297238;University of Trento
294589;Universität Bremen
294869;Universität Mannheim
296570;Universität Potsdam
297536;Université Paris Diderot - Paris 7
294872;Universiti Utara Malaysia (UUM)
295204;University of Belgrade
296894;University of Guelph
297087;University of Haifa
294178;University of Jyväskylä
294063;Université de Liège
293821;University of Macau
297141;Universiti Malaysia Sabah (UMS)
294870;University of Manitoba
293778;University of Massachusetts - Boston
297044;University of New England Australia
294790;University of New Mexico
297473;University of Salford
294534;University of Science and Technology of China
297481;University of South Carolina
297269;University of Tampere
296383;Ulster University
297067;Vilnius University
297047;Australian Catholic University
294598;Bilkent University
294590;Brandeis University
296762;Chung-Ang University (CAU)
294480;Ecole Polytechnique
294370;Fu Jen Catholic University
294343;Georgia State University
297052;Hacettepe University
297099;Heriot-Watt University
294222;Iowa State University
294186;Jilin University
294327;Justus-Liebig-University Giessen
294051;Linköping University
294002;Loyola University Chicago
297540;Manchester Metropolitan University
294285;Martin-Luther-Universität Halle-Wittenberg
294921;Meiji University
296110;Middle East Technical University
294692;National Chung Cheng University
297650;The New School
294764;Norwegian University of Science And Technology
297519;Nottingham Trent University
297228;Politecnico di Torino
296656;Roskilde University
296097;Ryerson University
297263;Technische Universität Dresden
293855;The Education University of Hong Kong
297251;Tilburg University
297112;Universidad Alberto Hurtado
296464;Universidad de Alicante
296871;Universidad de Antioquia
296848;Universidad de Guadalajara (UDG)
296825;Universidad Nacional de La Plata (UNLP)
296864;Universidade de Brasília
297517;UNESP
295200;Universidade Federal do Rio Grande Do Sul
294360;University of Genoa
297479;Universität des Saarlandes
294230;Universität Innsbruck
294189;Universität Jena
325908;Université Grenoble-Alpes
297544;Université Paris Descartes
294579;University of Bucharest
294503;University of Delaware
294489;University of Dundee
294818;University of Kwazulu-Natal
294040;University of Ljubljana
294851;University of Missouri, Columbia
294734;University of Oklahoma
297118;University of San Francisco
297470;University of Strathclyde
297258;The University of Tennessee, Knoxville
293611;University of Zagreb
293776;Verona University
297206;Virginia Polytechnic Institute and State University
294481;Ecole Polytechnique Fédérale de Lausanne (EPFL)
297262;Technical University of Munich
297264;Technical University of Denmark
297501;Pohang University of Science And Technology (POSTECH)
294243;Indian Institute of Technology Bombay (IITB)
294485;CentraleSupélec
296465;Politécnica de Madrid
297233;Technische Universität Darmstadt
294540;Chalmers University of Technology
295536;Indian Institute of Science (IISc) Bangalore
294238;Indian Institute of Technology Madras (IITM)
294624;National Technical University of Athens
294240;Indian Institute of Technology Kanpur (IITK)
297261;Technion - Israel Institute of Technology
297178;Xi’an Jiaotong University
297014;Harbin Institute of Technology
294239;Indian Institute of Technology Kharagpur (IIT-KGP)
297213;Universitat Politècnica de València
294263;Aalto University
294511;Cranfield University
294971;Huazhong University of Science and Technology
297541;Université Pierre et Marie Curie (UPMC)
297023;Beijing Institute of Technology
295233;Mines, ParisTech
296626;Institut polytechnique de Grenoble - Grenoble Institute of Technology
297053;King Fahd University of Petroleum & Minerals
297199;Warsaw University of Technology
297125;Czech Technical University in Prague
297444;Rensselaer Polytechnic Institute
294497;TU Dortmund University
294615;Bandung Institute of Technology (ITB)
297506;Graz University of Technology
295101;King Abdullah University of Science & Technology
297226;University of Twente
294237;Indian Institute of Technology Roorkee (IITR)
297252;Tianjin University
297140;Universiti Teknologi Petronas (Petronas)
293305;TELECOM ParisTech
294206;Istanbul Technical University
297265;Technische Universität Braunschweig
296687;King Abdulaziz University (KAU)
297287;Southeast University
294963;National Taipei University of Technology
293370;Instituto Politécnico Nacional (IPN)
293863;Asian Institute of Technology, Thailand
297021;Beihang University (former BUAA)
297119;National University of Sciences And Technology (NUST) Islamabad
293278;Institut National des Sciences Appliquées de Lyon (INSA)
297526;Université Paris-Sud
294142;Colorado School of Mines
294104;Kyungpook National University
296650;Tampere University of Technology
294274;Leibniz Universität Hannover
295116;Peter the Great Saint-Petersburg Polytechnic University
296503;Wroclaw University of Technology
294982;Beijing University of Technology
297017;Dalian University of Technology
294773;Northeastern University
297521;University of Patras
294981;Beijing Jiaotong University
294493;Dublin Institute of Technology
296566;Budapest University of Technology and Economics
294466;Moscow Institute of Physics and Technology (MIPT / Moscow Phystech)
296473;Bauman Moscow State Technical University
296716;Sejong University
297000;South China University of Technology
293792;Vilnius Gediminas Technical University
294521;Colorado State University
294241;Indian Institute of Technology Guwahati (IITG)
294247;Illinois Institute of Technology
309623;Université de Montpellier
294533;Chonbuk National University
294463;Ecole des Ponts ParisTech
293648;Tokyo University of Science
297190;Weizmann Institute of Science
297110;Gwangju Institute of Science and Technology (GIST)
294061;Université Lille 1, Sciences et Technologies
296494;University of Aveiro
294585;Brno University of Technology
295219;University of Texas Dallas
297015;East China University of Science and Technology
294656;Universiti Tenaga Nasional (UNITEN)
294554;Case Western Reserve University
294436;Universität Duisburg-Essen
295297;École Centrale de Lyon
294604;Ben Gurion University of The Negev
297018;Chongqing University
294260;Hiroshima University
297122;Inha University
297648;Singapore Management University
297619;Alexandria University
293643;National Research Tomsk Polytechnic University
294254;University of Houston
294974;University of Science and Technology Beijing
297161;University of Seoul
294049;Johannes Kepler University Linz
297078;Scuola Superiore Sant'Anna Pisa di Studi Universitari e di Perfezionamento
296504;AGH University of Science and Technology
295071;COMSATS Institute of Information Technology
294650;Feng Chia University
294702;King Mongkut's University of Technology Thonburi
296429;Konkuk University
297601;Lehigh University
296397;Lulea University
297446;Michigan Technological University
297142;Multimedia University (MMU)
297011;Nanjing University of Aeronautics and Astronautics
294393;National Research Nuclear University MEPhI (Moscow Engineering Physics Institute)
294795;National Yang Ming University
297404;Quaid-i-Azam University
295862;Technische Universität Hamburg-Harburg
295086;Universidad Técnica Federico Santa María (USM)
294365;Gadjah Mada University
296634;University of Bordeaux
296636;Université de Technologie de Compiègne (UTC)
294406;University of Central Florida
294979;University of Electronic Science and Technology of China
294233;Universitas Indonesia
297117;University of Tehran
297216;University of Utah
296816;Wuhan University of Technology
297174;Yokohama National University
297631;Ain Shams University
296433;Ajou University
296811;Anna University
294983;Beijing University of Chemical Technology
294984;Beijing University of Posts and Telecommunications
297020;Central South University
294537;Chiba University
294532;Chonnam National University
294495;Drexel University
295299;École Centrale de Nantes
294787;Ecole Normale Supérieure de Cachan
294160;Kasetsart University
296511;Kaunas University of Technology
297331;Kyushu Institute of Technology
296557;Politecnico di Bari
297394;Sharif University of Technology
297255;Thammasat University
297247;Tokyo Metropolitan University
293554;Universidade Federal de Santa Catarina
297223;University Ulm
293992;Université Claude Bernard Lyon 1
297239;Université Paul Sabatier Toulouse III
294956;Universiti Tun Hussein Onn  Malaysia (UTHM)
293738;Universiti Malaysia Perlis
297063;University of Engineering & Technology (UET) Lahore
296408;University of Minho
297603;University of Oulu
296893;University of Saskatchewan
296924;University Politehnica of Bucharest
294162;Karolinska Institutet
294566;University of California, San Francisco
294017;London School of Hygiene and Tropical Medicine
294608;Baylor College of Medicine
297202;Wageningen University
297492;The Rockefeller University
295224;The University of Texas Southwestern Medical Center at Dallas
295230;The University of Texas M. D. Anderson Cancer Center
294275;Medizinische Hochschule Hannover
296679;Medical University of Vienna
295082;University of Colorado, Denver
295226;University of Massachusetts Medical School - Worcester
295227;Icahn School of Medicine at Mount Sinai
296773;Tokyo Medical and Dental University (TMDU)
295084;University of Alabama at Birmingham
295098;Taipei Medical University
295225;Mayo Medical School
296369;St George's, University of London
294115;University of Eastern Finland
294682;Chang Gung University
297480;University of South Florida
293781;China Medical University
297200;Wake Forest University
293558;Universidade Federal de São Paulo
296914;Semmelweis University
296676;Medical University of Graz
294641;University of Alabama
294149;University of Kentucky
295062;University of Maryland, Baltimore County
296394;Swedish University of Agricultural Sciences
297176;The Katz School at Yeshiva University
297455;Universität Regensburg
297163;University of Ulsan
297518;James Cook University
295229;The University of Texas Health Science Center at Houston
297230;Tulane University
297522;Oregon State University
297184;Medical College of Wisconsin
297168;The Catholic University of Korea
293783;University of Milano-Bicocca
294202;Istanbul University
294171;Kanazawa University
294119;Kumamoto University
297207;Virginia Commonwealth University
297019;China Agricultural University
294737;Okayama University
294004;Louisiana State University
296537;Università Vita-Salute San Raffaele
297611;University of Vermont
294538;Chiang Mai University
297276;Stony Brook University, State University of New York
293642;Malmo University
294611;University of Bari
295179;Aga Khan University
294530;Chungnam National University
294883;Kansas State University
295787;Kaohsiung Medical University
294833;Nagasaki University
294779;Niigata University
297423;Royal College of Surgeons in Ireland (RCSI)
296787;Tehran University of Medical Sciences
294849;University of Modena and Reggio Emilia
297567;Università degli Studi di Perugia
296584;University of Hohenheim
296896;Université de Sherbrooke
294510;University of Crete
297396;University of Debrecen
297560;University of Nebraska-Lincoln
295243;University of Parma
295253;University of Texas at San Antonio
297236;University of Tromsø The Arctic University of Norway
294766;Wayne State University
294614;Bangor University
294588;Brigham Young University
294173;Kagoshima University
294143;Khon Kaen University
294203;Makerere University
297010;Nanjing Agricultural University
297633;Osaka City University
297491;Prince of Songkla University
296362;Royal Veterinary College , University of London
295063;Rutgers - The State University of New Jersey, Newark
295821;Saint Louis University
296868;Universidade Federal do Paraná - UFPR
294552;Catania University
297347;University of Siena
297237;University of Trieste
296569;Universität Rostock
296678;University of Natural Resources and Applied Life Sciences Vienna
296422;Université Nice Sophia Antipolis
293775;University of Brescia
334592;University of Chinese Academy of Sciences (UCAS)
294253;University of Hull
297272;University of Szeged
297175;Yokohama City University
297012;Lanzhou University
295396;Tata Institute of Fundamental Research (TIFR), Mumbai
294976;China University of Geosciences
295259;International School for Advanced Studies of Trieste
296666;University of Mons
296500;University of Wroclaw
297013;Hunan University
294977;Nanjing University of Science and Technology
297305;Panjab University
295576;Scuola Normale Superiore di Pisa
296772;Tokyo University of Agriculture and Technology
294607;University of Bayreuth
296568;Universität Siegen
293598;Université de Nantes
294036;London Business School
294596;Bocconi University
294228;INSEAD
297338;Copenhagen Business School
295397;HEC Paris School of Management
297279;Stockholm School of Economics
297284;University of St.Gallen (HSG)
309672;Universitat Ramon Llull
294440;ESSEC Business School
297059;WU (Vienna University of Economics and Business)
297546;Université Paris-Dauphine, PSL Research University
294622;Athens University of Economics and Business
294600;BI Norwegian Business School
294417;Fundação Getulio Vargas (FGV)
297060;Luiss Guido Carli University
297241;Université Toulouse 1 Capitole
294996;Shanghai University of Finance and Economics
297635;Instituto Tecnológico Autónomo de México (ITAM)
294131;WHU - Otto Beisheim School of Management
294824;Indian Institute of Management (IIM) - Bangalore
293151;Babson College, F.W. Olin Graduate School of Business
294822;Indian Institute of Management (IIM) - Ahmedabad
293153;NHH Norwegian School of Economics
295117;Plekhanov Russian University of Economics
294642;Universidad Adolfo Ibàñez
297572;University of Economics, Prague
297408;Corvinus University of Budapest
294512;Coventry University
296757;Dongguk University
294305;Grenoble Ecole de Management
297068;Koc University
294547;Universidade Católica Portuguesa - UCP
293774;Warsaw School of Economics (SGH)
295290;Agro, ParisTech
293847;Norwegian University of Life Sciences
294091;Warsaw University of Life Sciences – SGGW (WULS-SGGW)
297139;Lincoln University
294985;Beijing Forestry University
297389;Bogor Agricultural University
294095;Estonian University of Life Sciences
294039;South China Agricultural University
293297;Montpellier SupAgro
293561;Universidade Federal de Viçosa-UFV
297054;University of Agriculture, Faisalabad
295017;Huazhong Agricultural University
297007;Northwest Agriculture and Forestry University
296838;Universidad Austral de Chile
296834;Universidad de Concepción
296449;Universidad de Córdoba
293550;Universidade Federal de Lavras
294629;University of Arkansas
295221;University of Montana Missoula
296822;Charles Sturt University
297622;Clemson University
296898;Memorial University of Newfoundland
295202;Oklahoma State University
294041;Shandong Agricultural University
293556;Universidade Federal de São Carlos (UFSCAR)
294957;Universiti Malaysia Terengganu (UMT)
295291;Agrocampus Ouest
294776;Auburn University
295011;Jiangnan University
297103;Masaryk University
294109;Scottish Agricultural College (SAC)
294681;Universidad de Costa Rica
296892;Universidad de la República (UdelaR)
296826;Universidad Nacional de Córdoba - UNC
296831;Universidad Nacional de Mar del Plata
296870;Universidade Federal do Ceará (UFC)
296866;Universidade Federal de Pernambuco (UFPE)
294763;Utah State University
297076;Harper Adams University
296798;Islamic Azad University
296742;Kangwon National University
295007;Northeast Agricultural University
296522;Norwegian School of Veterinary Science
293392;Universidad Autónoma de Chapingo
296849;Universidad Autónoma de Nuevo León
296836;Universidad de Talca
296890;Universidad Nacional Agraria la Molina
296827;Universidad Nacional del Litoral
293533;Universidade Estadual de Londrina
293555;Universidade Federal de Santa Maria
293560;Universidade Federal de Uberlândia
293572;Universidade Federal Rural do Rio de Janeiro
334604;Università degli Studi di Udine
294088;University of Agricultural Sciences and Veterinary Medicine Bucharest
294204;University of Nairobi
294748;University of New Hampshire
293617;University of Novi Sad
294762;University of Wyoming
294591;University of Bradford
295689;Adam Mickiewicz University, Poznań
296784;Bar-Ilan University
294592;Bournemouth University
293955;Manchester School of Architecture
296538;Universita' IUAV di Venezia
295381;Royal College of Art
293910;Parsons School of Design at The New School
293909;Rhode Island School of Design (RISD)
293919;Pratt Institute
293911;School of the Art Institute of Chicago (SAIC)
293914;California Institute of the Arts
293916;Art Center College of Design
293922;The Glasgow School of Art
309760;School of Visual Arts (SVA)
293917;California College of the Arts
296513;Design Academy Eindhoven
293454;Universidad de Palermo (UP)
296437;Konstfack University College of Arts, Crafts and Design
294719;Ravensbourne
295277;Savannah College of Art and Design
294038;University of Lodz
297416;University of Huddersfield
294733;University of Alaska Fairbanks
294745;University of Nevada - Las Vegas
294484;Ecole hôtelière de Lausanne
294817;Les Roches International School of Hotel Management
293742;Swiss Hotel Management School
295642;HTMi - Hotel and Tourism Management Institute Switzerland
297528;International Management Institute Switzerland
295088;Institute for Tourism Studies
293888;Glion Institute of Higher Education
293854;NHTV Breda University of Applied Sciences
296819;Southern Cross University
334727;State Tourism and Hotel Management School (SSAT)
307714;The Chinese University of Hong Kong - Faculty of Law
294991;China University of Political Science and Law
297551;Université Panthéon-Assas (Paris 2)
293446;Universidad de los Andes - Chile
294710;Universidad Externado de Colombia
297113;Bond University
297527;Keele University
297401;University of Pécs
294055;Université Paris-Est Créteil Val de Marne
334600;Charité - Universitätsmedizin Berlin
293507;Universidad Peruana Cayetano Heredia (UPCH)
297383;Ankara Üniversitesi
294288;Gunma University
296752;Hallym University
297531;Howard University
296745;Inje University
297334;Kindai University (Kinki University)
295376;King Saud bin Abdulaziz University For Health Sciences
296796;Mashhad University of Medical Sciences
294855;Mie University
296791;Shiraz University of Medical Sciences
297359;Showa University
296789;Tabriz University of Medical Sciences
297249;Tokai University
293529;Universidade do Estado do Rio de Janeiro (UERJ)
296869;Universidade Federal da Bahia
296561;Universita' degli Studi di Ferrara
295205;University of Palermo
296615;Université de Versailles Saint-Quentin-en-Yvelines (UVSQ)
294059;Université Lille 2 Droit et Santé
295244;University of Mississippi
295162;West Virginia University
296761;Chungbuk National University
295245;Comenius University in Bratislava
297371;Ege Üniversitesi
295040;Gachon University of Medicine and Science
296753;Gyeongsang National University
295038;Jinan University (China)
294914;Kitasato University
297312;Manipal Academy of Higher Education
297329;Nihon University
295889;Palacký University in Olomouc
293905;The State Education Institution of Higher Professional Training The First Sechenov Moscow State Medical University under Ministry of Health and Social Development of the Russian Federation
296802;Shahid Beheshti University (SBU)
296777;Shinshu University
293426;Universidad Central de Venezuela
296338;Universidad Nacional de Rosario (UNR)
293547;Universidade Federal de Goiás
297641;Université de Fribourg
294250;University of Ibadan
296814;Zhengzhou University
296589;Technische Universität Bergakademie Freiberg
294460;Saint-Petersburg Mining University
295746;INDIAN INSTITUTE OF TECHNOLOGY (INDIAN SCHOOL OF MINES), DHANBAD
294973;China University of Mining and Technology
295775;Moscow State Linguistic University
297121;Universidad de Montevideo (UM)
294378;National Taipei University
293750;Sofia University St. Kliment Ohridski
297651;Vietnam National University - Ho Chi Minh City (VNU-HCM)
296481;Universitatea de Vest din Timisoara /  West University of Timisoara
293963;The Juilliard School
293967;Royal College of Music
293966;Royal Academy of Music
293971;Royal Conservatoire of Scotland (Formerly Royal Scottish Academy of Music and Drama)
296675;University of Music and Performing Arts Vienna
296389;Royal College of Music in Stockholm
293964;Curtis Institute of Music
293981;Conservatoire national supérieur de musique et de danse de Paris (CNSMDP)
296641;Sibelius Academy
293965;Guildhall School of Music and Drama
297325;Indonesia Institute of the Arts Yogyakarta
293970;Central School of Speech & Drama
293995;Conservatorio Santa Cecilia
296651;The Royal Danish Academy of Music
293983;Conservatoire national supérieur de musique et de danse de Lyon
294042;Hong Kong Academy of Performing Arts
294005;Moscow P. I. Tchaikovsky Conservatory
293979;Hochschule für Musik und Theater München
294007;Conservatoire de Musique de Genève
293984;Conservatoire national supérieur d’art dramatique de Paris (CNSAD)
293980;Hochschule für Musik und Tanz Köln
293974;Hochschule für Musik, Theater und Medien Hannover
293976;Hochschule für Musik Hanns Eisler Berlin
293975;Hochschule für Musik und Theater Hamburg
296978;Indonesia Institute of the Arts Surakarta
296809;Indonesian Institute of Arts Denpasar
294027;Norwegian Academy of Music
294082;Purchase College SUNY
296653;Royal Academy of Music, Aarhus
293936;Zurich University of the Arts (ZHdK)
295009;China Pharmaceutical University
294940;Tokyo University of Pharmacy and Life Sciences
297496;Robert Gordon University
297298;University of Madras
297574;University of Hertfordshire
295629;Lobachevsky University
296627;Université de Savoie, Chambery, Annecy
297495;University of Portsmouth
293625;Belarusian State University
295013;HeFei University of Technology
295110;L.N. Gumilyov Eurasian National University (ENU)
295946;Samara National Research University (Samara University)
296460;Universidad del Pais Vasco
294500;University of Denver
294711;University at Albany SUNY
293796;Tallinn University
297505;Liverpool John Moores University
297630;Baylor University
294796;University of Veterinary Medicine Vienna